first_name,last_name,email,address
Tammy,Alexander,davissherri@example.net,"53000 Wong Orchard
Hernandezburgh, VT 15497"
Warren,Anderson,denise09@example.com,"6653 Smith Island Suite 189
Port Jefferyshire, OR 48919"
Claudia,Andrews,bjackson@example.net,"8796 Hudson Green
West David, UT 87420"
Kelly,Barnes,austinmills@example.com,"4785 John Pines
South Marialand, PW 93367"
George,Barnett,littlekatherine@example.org,"PSC 0665, Box 3648
APO AP 40416"
Robert,Bates,thompsoneric@example.org,"96575 Alvarez Tunnel Suite 927
Phillipsville, WI 24830"
Vicki,Black,ekerr@example.com,"358 Denise Valleys Apt. 959
East Timothy, TX 89075"
Robert,Boyle,dbanks@example.net,"3516 Diaz Hill Suite 644
South Ashley, ID 67141"
William,Brady,fergusoncarrie@example.com,"4189 Madison Glens Suite 206
Lake Vickiborough, TN 20792"
Aaron,Castillo,roy72@example.com,"9595 Gary Port
Larafort, TN 04209"
Jose,Clark,zblankenship@example.net,"151 Christopher Mission
East Richardfurt, WV 99208"
Cody,Cochran,jennifer14@example.net,"554 Williams Mountain
South Anthonyville, SD 39567"
Andres,Cox,wyoung@example.org,"5983 Torres Ramp Apt. 049
South Ashleybury, MO 55441"
Elizabeth,David,smithdouglas@example.com,"19721 Drew Key
New Donaldport, NH 05690"
Bryan,Garner,mason56@example.com,"Unit 0768 Box 5333
DPO AA 02106"
Leslie,Gates,ericmccall@example.org,"8584 Myers Spur Suite 534
East Rebecca, GA 05015"
Nicole,Gomez,danielbeck@example.net,"8964 Elaine Row
Michellemouth, WA 28356"
Megan,Gordon,calvinweaver@example.com,"904 Deanna Orchard
Josephborough, NH 69990"
Jesse,Haley,courtney36@example.com,"11367 Chan Freeway Suite 858
Shafferland, ME 03924"
Robert,Hammond,calderontodd@example.net,"1294 Melanie Stravenue
Lauramouth, VA 09777"
Michael,Harmon,wmoreno@example.net,"759 Jennifer Pines Suite 921
Freemanside, OH 17781"
Kevin,Harmon,tracey87@example.net,"59005 Carr Motorway
South Christopherport, SC 55215"
Charles,Hernandez,nathan42@example.net,"39976 Lisa Estate Apt. 112
North Thomas, VI 14305"
Hannah,James,browland@example.com,"5273 Michelle Knolls Suite 621
East Kimberlyside, VA 19041"
Desiree,Jenkins,harrisonjoseph@example.net,"966 Stephanie Mission
New Benjamin, SC 12991"
Robert,Jennings,marydavis@example.com,"481 Hill Hills Suite 057
Port Tracy, MS 40860"
Heather,Johnson,shannonthornton@example.org,"209 Castro Park Apt. 865
South Robinborough, ND 22252"
John,Jones,lisarivas@example.net,"38823 Ramsey River Suite 085
Lake Jeffrey, OH 02675"
Lisa,Le,gregory74@example.com,"770 Danielle Terrace
South David, RI 76425"
Christian,Lewis,linda38@example.org,"7194 Haley Flats Apt. 637
Port Lauren, PR 27381"
Lauren,Mason,dylanpatterson@example.net,"78592 Parrish Tunnel Suite 745
North Latoya, IN 58484"
Michael,Mcdonald,thomassusan@example.org,"8994 Davis Prairie Apt. 757
New Brianton, IL 12319"
Hector,Meyer,ktrujillo@example.com,"135 Davis Radial
South Elizabethfurt, UT 37374"
Amanda,Morris,mary42@example.com,"Unit 2086 Box 3374
DPO AP 23339"
Molly,Morton,john22@example.net,"46505 William Flat Suite 376
Leslieside, PW 50891"
James,Murphy,brian68@example.com,"9785 Barker Port
Tonyhaven, KY 64768"
Cristina,Obrien,colemanryan@example.com,"96958 Dominique Lodge
Warrenfurt, CT 73306"
Robert,Olson,nicole39@example.com,"77242 Schneider Inlet Apt. 459
East Jackie, SD 40786"
Zachary,Park,stephanieharris@example.org,"8752 Brandon Expressway
Port Amy, VT 43136"
Joseph,Pennington,anthony59@example.org,"5549 Espinoza Springs Apt. 660
Candaceport, PW 92752"
Jason,Reynolds,rosariogregory@example.org,"31860 Joseph Parkway Apt. 580
Jessicatown, PW 06423"
Rachel,Rivera,dianagarcia@example.org,"159 Baker Ways
North Rhondamouth, WI 80619"
April,Rodriguez,derek64@example.com,"Unit 6060 Box 3898
DPO AE 76859"
Lindsey,Scott,rogerssue@example.net,"397 Flores Mills Apt. 871
East Gregorymouth, HI 50014"
Hailey,Shields,bennettshawn@example.net,"64569 Walker Point
Onealville, SC 98233"
Natalie,Smith,dennisgray@example.net,"PSC 6457, Box 3150
APO AE 91418"
Laurie,Swanson,johnsontanya@example.com,"554 Maldonado Prairie
Annaport, OK 26003"
Stephanie,Taylor,thomasstacy@example.org,"2898 Williams Cliff Suite 609
West Jeremyborough, MI 68823"
Christopher,Townsend,parsonsandre@example.org,"959 Lynch Brook Suite 713
West Deborahstad, MS 47039"
Bryan,Watson,dwilliams@example.org,"839 Paul Parkways
West Victoria, TN 83829"
